{"options":{"check_for_updates":true,"comment":null,"compatopts_for_requires":true,"compat_wrappedjsobject":false,"compat_metadata":false,"compat_foreach":false,"compat_arrayleft":false,"compat_uW_gmonkey":false,"compat_forvarin":false,"noframes":null,"awareOfChrome":false,"run_at":null,"override":{"use_includes":[],"orig_includes":[],"merge_includes":true,"use_matches":[],"orig_matches":["*://*/*"],"merge_matches":true,"use_excludes":[],"orig_excludes":[],"merge_excludes":true,"use_connects":[],"merge_connects":true,"use_blockers":[],"orig_run_at":"document-start","orig_noframes":null,"orig_connects":[]}},"settings":{"enabled":true,"position":23},"meta":{"name":"Anti Peep Screen 防窥屏","uuid":"c6501dda-7be7-4a9a-9d01-9a72b9f13e3f","modified":1574128896133,"file_url":"https://greasyfork.org/scripts/389727-anti-peep-screen-%E9%98%B2%E7%AA%A5%E5%B1%8F/code/Anti%20Peep%20Screen%20%E9%98%B2%E7%AA%A5%E5%B1%8F.user.js"}}