{"options":{"check_for_updates":true,"comment":null,"compatopts_for_requires":true,"compat_wrappedjsobject":false,"compat_metadata":false,"compat_foreach":false,"compat_arrayleft":false,"compat_uW_gmonkey":false,"compat_forvarin":false,"noframes":null,"awareOfChrome":false,"run_at":null,"override":{"use_includes":[],"orig_includes":[],"merge_includes":true,"use_matches":[],"orig_matches":["*://blog.csdn.net/*/article/details/*","*://*.blog.csdn.net/article/details/*","*://bbs.csdn.net/topics/*","*://*.iteye.com/blog/*"],"merge_matches":true,"use_excludes":[],"orig_excludes":[],"merge_excludes":true,"use_connects":[],"merge_connects":true,"use_blockers":[],"orig_run_at":"document-end","orig_noframes":null}},"settings":{"enabled":true,"position":8},"meta":{"name":"CSDN自动展开+去广告+净化剪贴板+免登陆","uuid":"b7fceea1-ac14-4c8f-b803-967ae80bf8ea","modified":1566865663980,"file_url":"https://greasyfork.org/scripts/372452-csdn%E8%87%AA%E5%8A%A8%E5%B1%95%E5%BC%80-%E5%8E%BB%E5%B9%BF%E5%91%8A-%E5%87%80%E5%8C%96%E5%89%AA%E8%B4%B4%E6%9D%BF-%E5%85%8D%E7%99%BB%E9%99%86/code/CSDN%E8%87%AA%E5%8A%A8%E5%B1%95%E5%BC%80+%E5%8E%BB%E5%B9%BF%E5%91%8A+%E5%87%80%E5%8C%96%E5%89%AA%E8%B4%B4%E6%9D%BF+%E5%85%8D%E7%99%BB%E9%99%86.user.js"}}