{"options":{"check_for_updates":true,"comment":null,"compatopts_for_requires":true,"compat_wrappedjsobject":false,"compat_metadata":false,"compat_foreach":false,"compat_arrayleft":false,"compat_uW_gmonkey":false,"compat_forvarin":false,"noframes":null,"awareOfChrome":false,"run_at":null,"override":{"use_includes":[],"orig_includes":["https://*/*","file://*/*"],"merge_includes":true,"use_matches":[],"orig_matches":["http://*/*"],"merge_matches":true,"use_excludes":[],"orig_excludes":[],"merge_excludes":true,"use_connects":[],"merge_connects":true,"use_blockers":[],"orig_run_at":"document-end","orig_noframes":null}},"settings":{"enabled":true,"position":12},"meta":{"name":"Google网页翻译","uuid":"416c3475-f823-45a8-859f-d6fbe74d1b9e","modified":1565243147300,"file_url":"https://greasyfork.org/scripts/38244-google%E7%BD%91%E9%A1%B5%E7%BF%BB%E8%AF%91/code/Google%E7%BD%91%E9%A1%B5%E7%BF%BB%E8%AF%91.user.js"}}