{"options":{"check_for_updates":true,"comment":null,"compatopts_for_requires":true,"compat_wrappedjsobject":false,"compat_metadata":false,"compat_foreach":false,"compat_arrayleft":false,"compat_uW_gmonkey":false,"compat_forvarin":false,"noframes":null,"awareOfChrome":false,"run_at":null,"override":{"use_includes":[],"orig_includes":[],"merge_includes":true,"use_matches":[],"orig_matches":["*://*.quora.com/*","*://*.360doc.com/*","*://*.baidu.com/*","*://*.sdifen.com/*","*://*.popbee.com/*","*://*.baikemy.com/*"],"merge_matches":true,"use_excludes":[],"orig_excludes":["*://pan.baidu.com/*","*://ditu.baidu.com/*","*://map.baidu.com/*","*://maps.baidu.com/*"],"merge_excludes":true,"use_connects":[],"merge_connects":true,"use_blockers":[],"orig_run_at":"document-start","orig_noframes":null,"orig_connects":[]}},"settings":{"enabled":true,"position":25},"meta":{"name":"remove page limit","uuid":"1fc8fb4d-5ccc-4470-bc6c-cced8490c054","modified":1594471014816,"file_url":"https://greasyfork.org/scripts/37727-remove-page-limit/code/remove%20page%20limit.user.js"}}