{"options":{"check_for_updates":true,"comment":null,"compatopts_for_requires":true,"compat_wrappedjsobject":false,"compat_metadata":false,"compat_foreach":false,"compat_arrayleft":false,"compat_uW_gmonkey":false,"compat_forvarin":false,"noframes":null,"awareOfChrome":false,"run_at":null,"override":{"use_includes":[],"orig_includes":["*//www.iqiyi.com/v_*","*//www.iqiyi.com/w_*","*//v.youku.com/v_show/*","*//*.le.com/ptv/vplay/*","*//v.qq.com/x/page/*","*//v.qq.com/x/cover/*","*//video.tudou.com/v/*","*//*.mgtv.com/b/*","*//tv.sohu.com/v/*","*//film.sohu.com/album/*","*//*.bilibili.com/bangumi/play/*","*//*.pptv.com/show/*","*//v.yinyuetai.com/video/*","*//*.wasu.cn/Play/show/*","*//vip.1905.com/play/*","*//51lol.feixiong.tv/*","*//www.lolfun.cn/*","*//www.lolshipin.com/*","*//lol.qq.com/v/detail*","*//lol.qq.com/v/v2/detail*","*//item.taobao.com/item.htm*","*//detail.tmall.com/item.htm*","*//s.taobao.com/search*","*//cart.taobao.com/*","*//uland.taobao.com/coupon/*"],"merge_includes":true,"use_matches":[],"orig_matches":[],"merge_matches":true,"use_excludes":[],"orig_excludes":[],"merge_excludes":true,"use_connects":[],"merge_connects":true,"use_blockers":[],"orig_run_at":"document-start","orig_noframes":null,"orig_connects":["open.lesiclub.cn"]}},"settings":{"enabled":true,"position":1},"meta":{"name":"TU-破解视频VIP集合-去广告-音乐直接解析播放-VIP视频解析，接口每日更新，一键免广告免费观看各大视频网站","uuid":"e6ae1792-923f-4de1-a7a1-3d19018d5e80","modified":1594471013851,"file_url":"https://greasyfork.org/scripts/371262-tu-%E7%A0%B4%E8%A7%A3%E8%A7%86%E9%A2%91vip%E9%9B%86%E5%90%88-%E5%8E%BB%E5%B9%BF%E5%91%8A-%E9%9F%B3%E4%B9%90%E7%9B%B4%E6%8E%A5%E8%A7%A3%E6%9E%90%E6%92%AD%E6%94%BE-vip%E8%A7%86%E9%A2%91%E8%A7%A3%E6%9E%90-%E6%8E%A5%E5%8F%A3%E6%AF%8F%E6%97%A5%E6%9B%B4%E6%96%B0-%E4%B8%80%E9%94%AE%E5%85%8D%E5%B9%BF%E5%91%8A%E5%85%8D%E8%B4%B9%E8%A7%82%E7%9C%8B%E5%90%84%E5%A4%A7%E8%A7%86%E9%A2%91%E7%BD%91%E7%AB%99/code/TU-%E7%A0%B4%E8%A7%A3%E8%A7%86%E9%A2%91VIP%E9%9B%86%E5%90%88-%E5%8E%BB%E5%B9%BF%E5%91%8A-%E9%9F%B3%E4%B9%90%E7%9B%B4%E6%8E%A5%E8%A7%A3%E6%9E%90%E6%92%AD%E6%94%BE-VIP%E8%A7%86%E9%A2%91%E8%A7%A3%E6%9E%90%EF%BC%8C%E6%8E%A5%E5%8F%A3%E6%AF%8F%E6%97%A5%E6%9B%B4%E6%96%B0%EF%BC%8C%E4%B8%80%E9%94%AE%E5%85%8D%E5%B9%BF%E5%91%8A%E5%85%8D%E8%B4%B9%E8%A7%82%E7%9C%8B%E5%90%84%E5%A4%A7%E8%A7%86%E9%A2%91%E7%BD%91%E7%AB%99.user.js"}}