{"data":{"document_url":"shttps://wenku.baidu.com/view/acac8cc305a1b0717fd5360cba1aa81144318f2f.html?from=search","pull_websites":"s{\"music_urls\":[{\"name\":\"组合线路一\",\"url\":\"http://music.sonimei.cn/?url=\"},{\"name\":\"组合线路二\",\"url\":\"http://tool.liumingye.cn/music/?type=qq&name=\"}],\"film_urls\":[{\"name\":\"组合线路一\",\"url\":\"http://www.guandianzhiku.com/v/s/?url=\"}]}","pull_website_time":"n1567769580960","episodeList":"o[]","plugin_code":"s yrg7","plugin_pickup_time":"n1595766785152","init_window_url":"shttps://pan.baidu.com/share/init?surl=qLDf_uupdbeRZ7dqIdGYpg","episodeObj":"o{\"websiteTitle\":\"iqiyi\",\"episodeList\":[],\"originVideoUrl\":\"www.iqiyi.com\"}"},"ts":1595766785152}