{"options":{"check_for_updates":true,"comment":null,"compatopts_for_requires":true,"compat_wrappedjsobject":false,"compat_metadata":false,"compat_foreach":false,"compat_arrayleft":false,"compat_uW_gmonkey":false,"compat_forvarin":false,"noframes":null,"awareOfChrome":false,"run_at":null,"override":{"use_includes":[],"orig_includes":["*://m.youku.com/v*","*://m.youku.com/a*","*://v.youku.com/v_*","*://*.iqiyi.com/v_*","*://*.iqiyi.com/w_*","*://*.iqiyi.com/a_*","*://*.iqiyi.com/adv*","*://*.le.com/ptv/vplay/*","*v.qq.com/x/cover/*","*v.qq.com/x/page/*","*v.qq.com/*play*","*v.qq.com/cover*","*://*.tudou.com/listplay/*","*://*.tudou.com/albumplay/*","*://*.tudou.com/programs/view/*","*://*.tudou.com/v*","*://*.mgtv.com/b/*","*://film.sohu.com/album/*","*://tv.sohu.com/v/*","*://*.acfun.cn/v/*","*://*.bilibili.com/video/*","*://*.bilibili.com/anime/*","*://*.bilibili.com/bangumi/play/*","*://*.pptv.com/show/*","*://*.baofeng.com/play/*","*://*.wasu.cn/Play/show*","*://v.yinyuetai.com/video/*","*://v.yinyuetai.com/playlist/*","*://*.wasu.cn/Play/show/*","*://music.taihe.com/song*","*://item.taobao.com/*","*://detail.tmall.com/*","*://chaoshi.detail.tmall.com/*","*://detail.tmall.hk/*","*://item.jd.com/*","*://item.jd.hk/*","*://detail.vip.com/detail-*","*://product.suning.com/*","*://music.163.com/song*","*://music.163.com/m/song*","*://y.qq.com/*","*://*.kugou.com/*","*://*.kuwo.cn/*","*://*.xiami.com/*","*://music.taihe.com/*","*://*.1ting.com/player*","*://www.qingting.fm/*","*://www.lizhi.fm/*","*://music.migu.cn/*","*://www.shangxueba.com/ask/*.html","*://www.ximalaya.com/*","*://www.shangxueba.com/ask/*.html","*://pan.baidu.com/disk/home*","*://yun.baidu.com/disk/home*","*://pan.baidu.com/s/*","*://yun.baidu.com/s/*","*://pan.baidu.com/share/link*","*://yun.baidu.com/share/link*"],"merge_includes":true,"use_matches":[],"orig_matches":[],"merge_matches":true,"use_excludes":[],"orig_excludes":["*://*.wandhi.com/*"],"merge_excludes":true,"use_connects":[],"merge_connects":true,"use_blockers":[],"orig_run_at":"document-end","orig_noframes":null,"orig_connects":["shangxueba365.com","api.wandhi.com","cdn.jsdelivr.net","tool.manmanbuy.com","xbeibeix.com"]}},"settings":{"enabled":false,"position":13},"meta":{"name":"【玩的嗨】VIP工具箱,全网VIP视频免费破解去广告,一站式音乐搜索下载,获取B站封面,下载B站视频,上学吧答案获取等众多功能聚合 2020-07-21 更新，报错请及时反馈","uuid":"f8a0d5f9-3f24-4bdc-8de2-09db830c4082","modified":1595674326627,"file_url":"https://greasyfork.org/scripts/384538-%E4%B8%80%E9%94%AEvip%E8%A7%86%E9%A2%91%E8%A7%A3%E6%9E%90-%E5%8E%BB%E5%B9%BF%E5%91%8A-%E5%85%A8%E7%BD%91-%E4%B8%80%E7%AB%99%E5%BC%8F%E9%9F%B3%E4%B9%90%E6%90%9C%E7%B4%A2%E4%B8%8B%E8%BD%BD-%E7%99%BE%E5%BA%A6%E4%BA%91%E7%A6%BB%E7%BA%BF%E8%B7%B3%E8%BD%AC-%E8%8E%B7%E5%8F%96b%E7%AB%99%E5%B0%81%E9%9D%A2-%E6%B7%98%E5%AE%9D%E4%BA%AC%E4%B8%9C%E4%BC%98%E6%83%A0%E5%88%B8-2019-10-01-%E6%9B%B4%E6%96%B0-%E6%8A%A5%E9%94%99%E8%AF%B7%E5%8F%8A%E6%97%B6%E5%8F%8D%E9%A6%88/code/%E4%B8%80%E9%94%AEVIP%E8%A7%86%E9%A2%91%E8%A7%A3%E6%9E%90%E3%80%81%E5%8E%BB%E5%B9%BF%E5%91%8A(%E5%85%A8%E7%BD%91),%E4%B8%80%E7%AB%99%E5%BC%8F%E9%9F%B3%E4%B9%90%E6%90%9C%E7%B4%A2%E4%B8%8B%E8%BD%BD,%E7%99%BE%E5%BA%A6%E4%BA%91%E7%A6%BB%E7%BA%BF%E8%B7%B3%E8%BD%AC,%E8%8E%B7%E5%8F%96B%E7%AB%99%E5%B0%81%E9%9D%A2,%E6%B7%98%E5%AE%9D%E4%BA%AC%E4%B8%9C%E4%BC%98%E6%83%A0%E5%88%B8%202019-10-01%20%E6%9B%B4%E6%96%B0%EF%BC%8C%E6%8A%A5%E9%94%99%E8%AF%B7%E5%8F%8A%E6%97%B6%E5%8F%8D%E9%A6%88.user.js"}}