{"options":{"check_for_updates":true,"comment":null,"compatopts_for_requires":true,"compat_wrappedjsobject":false,"compat_metadata":false,"compat_foreach":false,"compat_arrayleft":false,"compat_uW_gmonkey":false,"compat_forvarin":false,"noframes":null,"awareOfChrome":false,"run_at":null,"override":{"use_includes":[],"orig_includes":["*://www.google.com/search*","*://www.google.com.*/search*","*://www.google.com/","*://www.google.com.*/"],"merge_includes":true,"use_matches":[],"orig_matches":[],"merge_matches":true,"use_excludes":[],"orig_excludes":[],"merge_excludes":true,"use_connects":[],"merge_connects":true,"use_blockers":[],"orig_run_at":"document-idle","orig_noframes":null}},"settings":{"enabled":false,"position":18},"meta":{"name":"把Google搜索伪装成百度搜索","uuid":"345fc596-4ec3-4035-8edf-3bda76ee5202","modified":1569921121613,"file_url":"https://greasyfork.org/scripts/372883-%E6%8A%8Agoogle%E6%90%9C%E7%B4%A2%E4%BC%AA%E8%A3%85%E6%88%90%E7%99%BE%E5%BA%A6%E6%90%9C%E7%B4%A2/code/%E6%8A%8AGoogle%E6%90%9C%E7%B4%A2%E4%BC%AA%E8%A3%85%E6%88%90%E7%99%BE%E5%BA%A6%E6%90%9C%E7%B4%A2.user.js"}}