{"options":{"check_for_updates":true,"comment":null,"compatopts_for_requires":true,"compat_wrappedjsobject":false,"compat_metadata":false,"compat_foreach":false,"compat_arrayleft":false,"compat_uW_gmonkey":false,"compat_forvarin":false,"noframes":null,"awareOfChrome":false,"run_at":null,"override":{"use_includes":[],"orig_includes":["/https?\\:\\/\\/(pan|yun)\\.baidu\\.com.*/"],"merge_includes":true,"use_matches":[],"orig_matches":[],"merge_matches":true,"use_excludes":[],"orig_excludes":[],"merge_excludes":true,"use_connects":["cn.bing.com"],"merge_connects":true,"use_blockers":[],"orig_run_at":"document-end","orig_noframes":null}},"settings":{"enabled":true,"position":20},"meta":{"name":"百度云插件+APIKey","uuid":"c648ac18-4cd7-4088-a12c-397ad3a046bd","modified":1570188696120,"file_url":"https://greasyfork.org/scripts/496-%E7%99%BE%E5%BA%A6%E4%BA%91%E6%8F%92%E4%BB%B6-apikey/code/%E7%99%BE%E5%BA%A6%E4%BA%91%E6%8F%92%E4%BB%B6+APIKey.user.js"}}