{"options":{"check_for_updates":true,"comment":null,"compatopts_for_requires":true,"compat_wrappedjsobject":false,"compat_metadata":false,"compat_foreach":false,"compat_arrayleft":false,"compat_uW_gmonkey":false,"compat_forvarin":false,"noframes":null,"awareOfChrome":false,"run_at":null,"override":{"use_includes":[],"orig_includes":["*://pan.baidu.com/disk/home*","*://yun.baidu.com/disk/home*","*://pan.baidu.com/s*","*://yun.baidu.com/s*","*://pan.baidu.com/play*"],"merge_includes":true,"use_matches":[],"orig_matches":[],"merge_matches":true,"use_excludes":[],"orig_excludes":[],"merge_excludes":true,"use_connects":[],"merge_connects":true,"use_blockers":[],"orig_run_at":"document-idle","orig_noframes":null,"orig_connects":[]}},"settings":{"enabled":true,"position":24},"meta":{"name":"百度网盘视频倍速播放+完美去广告(2020/4/22更新）","uuid":"d1813587-154a-4ae9-9e10-6e64795f5873","modified":1594471014760,"file_url":"https://greasyfork.org/scripts/392248-%E7%99%BE%E5%BA%A6%E7%BD%91%E7%9B%98%E7%99%BE%E5%BA%A6%E4%BA%91%E7%9B%98%E8%A7%86%E9%A2%91%E5%80%8D%E9%80%9F%E6%92%AD%E6%94%BE-%E6%9E%81%E5%BA%A6%E8%88%92%E9%80%82%E9%A1%B5%E9%9D%A2%E5%B9%BF%E5%91%8A%E5%8E%BB%E9%99%A4-%E6%9B%B4%E5%A4%9A%E9%80%89%E6%8B%A9%E5%80%8D%E9%80%9F%E9%80%89%E6%8B%A9-2020%E6%9C%80%E6%96%B0%E7%BA%AF%E5%87%80%E7%89%88-%E7%BD%91%E7%9B%98%E8%A7%86%E9%A2%91%E6%92%AD%E6%94%BE%E6%9C%80%E5%A5%BD%E7%9A%84%E4%B8%80%E4%B8%AA%E8%84%9A%E6%9C%AC/code/%E7%99%BE%E5%BA%A6%E7%BD%91%E7%9B%98%E7%99%BE%E5%BA%A6%E4%BA%91%E7%9B%98%E8%A7%86%E9%A2%91%E5%80%8D%E9%80%9F%E6%92%AD%E6%94%BE+%E6%9E%81%E5%BA%A6%E8%88%92%E9%80%82%E9%A1%B5%E9%9D%A2%E5%B9%BF%E5%91%8A%E5%8E%BB%E9%99%A4+%E6%9B%B4%E5%A4%9A%E9%80%89%E6%8B%A9%E5%80%8D%E9%80%9F%E9%80%89%E6%8B%A92020%E6%9C%80%E6%96%B0%E7%BA%AF%E5%87%80%E7%89%88%EF%BC%89%E7%BD%91%E7%9B%98%E8%A7%86%E9%A2%91%E6%92%AD%E6%94%BE%E6%9C%80%E5%A5%BD%E7%9A%84%E4%B8%80%E4%B8%AA%E8%84%9A%E6%9C%AC.user.js"}}