{"options":{"check_for_updates":true,"comment":null,"compatopts_for_requires":true,"compat_wrappedjsobject":false,"compat_metadata":false,"compat_foreach":false,"compat_arrayleft":false,"compat_uW_gmonkey":false,"compat_forvarin":false,"noframes":null,"awareOfChrome":false,"run_at":null,"override":{"use_includes":[],"orig_includes":[],"merge_includes":true,"use_matches":[],"orig_matches":["https://www.zhihu.com/*","https://link.zhihu.com/*","https://v.vzuu.com/video/*"],"merge_matches":true,"use_excludes":[],"orig_excludes":[],"merge_excludes":true,"use_connects":[],"merge_connects":true,"use_blockers":[],"orig_run_at":"document-end","orig_noframes":null}},"settings":{"enabled":false,"position":11},"meta":{"name":"知乎网页助手，5大功能集于一身","uuid":"a3179cc1-bd70-465d-b4a2-b4c0274d3b21","modified":1565242975437,"file_url":"https://greasyfork.org/scripts/384172-%E7%9F%A5%E4%B9%8E%E7%BD%91%E9%A1%B5%E5%8A%A9%E6%89%8B-5%E5%A4%A7%E5%8A%9F%E8%83%BD%E9%9B%86%E4%BA%8E%E4%B8%80%E8%BA%AB/code/%E7%9F%A5%E4%B9%8E%E7%BD%91%E9%A1%B5%E5%8A%A9%E6%89%8B%EF%BC%8C5%E5%A4%A7%E5%8A%9F%E8%83%BD%E9%9B%86%E4%BA%8E%E4%B8%80%E8%BA%AB.user.js"}}