{"options":{"check_for_updates":true,"comment":null,"compatopts_for_requires":true,"compat_wrappedjsobject":false,"compat_metadata":false,"compat_foreach":false,"compat_arrayleft":false,"compat_uW_gmonkey":false,"compat_forvarin":false,"noframes":null,"awareOfChrome":false,"run_at":null,"override":{"use_includes":[],"orig_includes":["http*://www.wnflb66.com/*"],"merge_includes":true,"use_matches":[],"orig_matches":[],"merge_matches":true,"use_excludes":[],"orig_excludes":[],"merge_excludes":true,"use_connects":[],"merge_connects":true,"use_blockers":[],"orig_run_at":"document-start","orig_noframes":null,"orig_connects":["pan.baidu.com","keyfc.net","search.pandown.cn"]}},"settings":{"enabled":true,"position":14},"meta":{"name":"福利吧论坛好孩子看得见","uuid":"096195c1-7bc5-4dda-8105-6f7378cb7e96","modified":1595674328131,"file_url":"https://greasyfork.org/scripts/381494-%E7%A6%8F%E5%88%A9%E5%90%A7%E8%AE%BA%E5%9D%9B%E5%A5%BD%E5%AD%A9%E5%AD%90%E7%9C%8B%E5%BE%97%E8%A7%81/code/%E7%A6%8F%E5%88%A9%E5%90%A7%E8%AE%BA%E5%9D%9B%E5%A5%BD%E5%AD%A9%E5%AD%90%E7%9C%8B%E5%BE%97%E8%A7%81.user.js"}}