{"options":{"check_for_updates":true,"comment":null,"compatopts_for_requires":true,"compat_wrappedjsobject":false,"compat_metadata":false,"compat_foreach":false,"compat_arrayleft":false,"compat_uW_gmonkey":false,"compat_forvarin":false,"noframes":null,"awareOfChrome":false,"run_at":null,"override":{"use_includes":[],"orig_includes":[],"merge_includes":true,"use_matches":[],"orig_matches":["*://pan.baidu.com/*","*://*/*"],"merge_matches":true,"use_excludes":[],"orig_excludes":[],"merge_excludes":true,"use_connects":[],"merge_connects":true,"use_blockers":[],"orig_run_at":"document-idle","orig_noframes":null}},"settings":{"enabled":true,"position":15},"meta":{"name":"隐心百度云盘钥匙","uuid":"35312d39-2849-47f9-9d5c-bc3966097c28","modified":1572260737887,"file_url":"https://greasyfork.org/scripts/373344-%E9%9A%90%E5%BF%83%E7%99%BE%E5%BA%A6%E4%BA%91%E7%9B%98%E9%92%A5%E5%8C%99/code/%E9%9A%90%E5%BF%83%E7%99%BE%E5%BA%A6%E4%BA%91%E7%9B%98%E9%92%A5%E5%8C%99.user.js"}}